{
  "items": [
    {
      "quote": "\"Sabbir's versatility is outstanding. Switching between coding, security, and creative tasks seamlessly, he delivered exceptional results for our project. Highly recommend!\"",
      "authorName": "Korim",
      "authorTitle": "Admin / Hitech"
    },
    {
      "quote": "\"The cybersecurity audit was thorough and insightful. Sabbir's attention to detail uncovered vulnerabilities we missed, significantly enhancing our platform's security.\"",
      "authorName": "Rofiq Mia",
      "authorTitle": "Researcher / STPO"
    },
    {
      "quote": "\"Fantastic creative work! The graphics and video edits were modern, clean, and perfectly captured our vision. Delivered promptly and professionally.\"",
      "authorName": "Alex",
      "authorTitle": "Freelance Client"
    }
  ]
}